username,text,timestamp,label
NASA,"the first pass on model evaluation looks promising, but more validation is needed. worth revisiting later.",2026-04-07T20:33:18.920589,1
NASA,small update on experiment tracking: still testing the idea.,2026-04-10T02:00:52.920589,1
NASA,testing a slightly different angle on data quality today.,2026-04-09T04:26:43.920589,1
NASA,"the signal around prompt iteration is interesting, but I want another pass. same thought, different angle.",2026-04-10T15:24:22.920589,1
NASA,small update on analysis pipelines: still testing the idea.,2026-04-08T06:49:33.920589,1
NASA,"not sure yet, but automation keeps coming back to mind.",2026-04-10T22:04:03.920589,1
NASA,small update on product strategy: still testing the idea.,2026-04-08T23:59:47.920589,1
NASA,testing a slightly different angle on data quality today.,2026-04-08T22:28:12.920589,1
NASA,small update on prompt iteration: still testing the idea.,2026-04-09T10:44:19.920589,1
NASA,still learning how prompt iteration connects to the bigger picture.,2026-04-08T11:10:51.920589,1
NASA,"the first pass on model evaluation looks promising, but more validation is needed. worth revisiting later.",2026-04-07T18:02:44.920589,1
NASA,"the first pass on model evaluation looks promising, but more validation is needed. worth revisiting later.",2026-04-07T06:22:30.920589,1
NASA,reviewing workflow design one more time before I wrap up.,2026-04-09T22:42:59.920589,1
NASA,"taking notes on model evaluation and simplifying the core idea. same thought, different angle.",2026-04-07T13:30:53.920589,1
NASA,"the first pass on workflow design looks promising, but more validation is needed.",2026-04-07T04:24:59.920589,1
NASA,"the first pass on model evaluation looks promising, but more validation is needed. worth revisiting later.",2026-04-07T09:06:19.920589,1
NASA,reviewing feature extraction one more time before I wrap up.,2026-04-10T06:14:11.920589,1
NASA,testing a slightly different angle on workflow design today.,2026-04-10T16:27:49.920589,1
NASA,testing a slightly different angle on experiment tracking today.,2026-04-10T19:15:58.920589,1
NASA,taking notes on model evaluation and simplifying the core idea.,2026-04-08T02:12:32.920589,1
NASA,"not sure yet, but feature extraction keeps coming back to mind.",2026-04-07T14:51:42.920589,1
NASA,"not sure yet, but feature extraction keeps coming back to mind.",2026-04-08T06:11:00.920589,1
NASA,testing a slightly different angle on data quality today.,2026-04-08T21:23:32.920589,1
NASA,testing a slightly different angle on data quality today.,2026-04-09T14:18:30.920589,1
NASA,small update on product strategy: still testing the idea.,2026-04-09T07:34:41.920589,1
NASA,"the first pass on model evaluation looks promising, but more validation is needed. worth revisiting later.",2026-04-06T20:15:19.920589,1
NASA,small update on experiment tracking: still testing the idea.,2026-04-10T14:24:27.920589,1
NASA,testing a slightly different angle on data quality today.,2026-04-09T01:28:16.920589,1
NASA,sharing a concise update on product strategy and the current direction.,2026-04-09T11:36:20.920589,1
NASA,small update on automation: still testing the idea. worth revisiting later.,2026-04-07T08:32:09.920589,1
NASA,documenting a brief progress note on research notes for today.,2026-04-09T02:57:47.920589,1
NASA,sharing a concise update on research notes and the current direction.,2026-04-07T17:13:57.920589,1
NASA,small update on experiment tracking: still testing the idea.,2026-04-09T19:53:06.920589,1
NASA,"the first pass on model evaluation looks promising, but more validation is needed.",2026-04-06T22:15:32.920589,1
NASA,experimenting with feature extraction and comparing a few patterns.,2026-04-08T13:17:14.920589,1
NASA,"the first pass on analysis pipelines looks promising, but more validation is needed.",2026-04-07T01:13:05.920589,1
NASA,small update on experiment tracking: still testing the idea.,2026-04-10T11:00:03.920589,1
NASA,testing a slightly different angle on prompt iteration today. still circling back to this.,2026-04-09T16:26:32.920589,1
NASA,"not sure yet, but model evaluation keeps coming back to mind.",2026-04-08T19:18:20.920589,1
NASA,still learning how workflow design connects to the bigger picture.,2026-04-10T04:32:12.920589,1
NASA,just thinking about research notes again. keeping this on repeat for now.,2026-04-07T16:49:24.920589,1
NASA,experimenting with experiment tracking and comparing a few patterns. keeping this on repeat for now.,2026-04-08T15:18:11.920589,1
NASA,experimenting with experiment tracking and comparing a few patterns. keeping this on repeat for now.,2026-04-08T08:00:39.920589,1
NASA,"not sure yet, but automation keeps coming back to mind.",2026-04-10T23:39:31.920589,1
NASA,sharing a concise update on product strategy and the current direction.,2026-04-08T11:58:02.920589,1
NASA,"the first pass on model evaluation looks promising, but more validation is needed. worth revisiting later.",2026-04-07T13:00:49.920589,1
NASA,small update on experiment tracking: still testing the idea.,2026-04-10T08:07:09.920589,1
NASA,just thinking about automation again. worth revisiting later.,2026-04-07T23:51:00.920589,1
NASA,testing a slightly different angle on data quality today.,2026-04-09T02:05:43.920589,1
NASA,reviewing model evaluation one more time before I wrap up.,2026-04-09T23:36:52.920589,1
